Estonia|"""Python"" ""and"" ""developer"""|133|2022-07-21 20:58:48.155493
Estonia|"""Python"" ""and"" ""developer"""|135|2022-07-21 21:36:53.122598
Denmark|"""Python"" ""and"" ""developer"""|197|2022-07-21 22:11:48.199679
Estonia|"""Python"" and ""developer"""|135|2022-07-21 22:29:13.773658
Estonia|"""Python"" and ""developer"""|135|2022-07-21 22:46:16.799563
Estonia|"""Python"" and ""developer"""|135|2022-07-21 23:18:11.617834
Denmark|"""Python developer"""|200|2022-07-21 23:38:59.073330
Denmark|"""Python developer"""|200|2022-07-22 00:05:47.647530
Denmark|"""data scientist"""|149|2022-07-22 00:20:46.891663
Denmark|"""data scientist"""|149|2022-07-22 00:37:48.042295
Denmark|"""data scientist"""|149|2022-07-22 00:52:38.237830
Denmark|"""data scientist"""|149|2022-07-22 01:04:31.511206
Denmark|"""data scientist"""|149|2022-07-22 01:31:21.123889
Norway|"""data scientist"""|44|2022-07-22 02:02:02.273146
Austria|"""data scientist"""|109|2022-07-22 12:41:54.724319
Spain|"""data scientist"""|423|2022-07-22 13:37:01.571239
Portugal|"""data scientist"""|172|2022-07-22 14:57:17.523428
Norway|"""data scientist"""|46|2022-07-22 16:25:47.441868
Norway|"""data scientist"""|46|2022-07-22 16:39:35.808492
Norway|"""data scientist"""|46|2022-07-22 17:10:38.496299
Norway|"""data scientist"""|46|2022-07-22 17:23:40.120322
Norway|"""data scientist"""|46|2022-07-22 19:06:01.051332
Norway|"""data scientist"""|46|2022-07-22 19:22:36.378385
Norway|"""data scientist"""|46|2022-07-22 19:31:38.800169
Malta|"""data scientist"""|22|2022-07-22 19:40:41.878294
Norway|"""data scientist"""|46|2022-07-22 19:45:11.976630
Norway|"""data scientist"""|46|2022-07-22 20:06:24.200277
Norway|"""data scientist"""|46|2022-07-22 20:32:42.671385
Norway|"""data scientist"""|46|2022-07-22 22:15:39.020345
Norway|"""data scientist"""|46|2022-07-22 22:31:51.240771
Norway|"""data scientist"""|46|2022-07-22 22:43:43.851706
Norway|"""data scientist"""|46|2022-07-22 23:36:49.604636
Norway|"""data scientist"""|46|2022-07-22 23:54:07.132020
Norway|"""data scientist"""|46|2022-07-23 00:16:34.835957
Norway|"""data scientist"""|46|2022-07-23 00:31:57.605044
Norway|"""data scientist"""|46|2022-07-23 00:41:28.198679
Norway|"""data scientist"""|46|2022-07-23 00:55:51.142275
Sweden|"""data scientist"""|221|2022-07-23 01:23:54.854548
Sweden|"""data scientist"""|221|2022-07-23 01:35:39.938955
Sweden|"""data scientist"""|221|2022-07-23 01:57:05.122184
Sweden|"""data scientist"""|221|2022-07-23 02:13:17.915865
Spain|"""data scientist"""|416|2022-07-23 03:22:50.837247
Germany|"""data scientist"""|1645|2022-07-23 05:00:48.686950
Austria|"""data scientist"""|109|2022-07-23 09:22:31.759441
Poland|"""data scientist"""|423|2022-07-23 13:42:18.084950
United Kingdom|"""data scientist"""|3014|2022-07-23 15:18:26.532260
United Kingdom|"""data scientist"""|3014|2022-07-23 15:24:45.899728
United Kingdom|"""data scientist"""|3019|2022-07-23 15:49:12.776947
United Kingdom|"""data scientist"""|3015|2022-07-23 16:27:27.034690
United Kingdom|"""data scientist"""|3017|2022-07-23 16:46:04.183679
United Kingdom|"""data scientist"""|3014|2022-07-23 16:55:09.416342
United Kingdom|"""data scientist"""|3015|2022-07-23 17:20:38.053948
United Kingdom|"""data scientist"""|3015|2022-07-23 17:33:19.132568
United Kingdom|"""data scientist"""|3015|2022-07-23 17:46:02.119299
United Kingdom|"""data scientist"""|3018|2022-07-23 18:00:59.367690
United Kingdom|"""data scientist"""|3018|2022-07-23 18:13:00.977715
United Kingdom|"""data scientist"""|3019|2022-07-23 18:33:37.193809
United Kingdom|"""data scientist"""|3019|2022-07-23 18:58:10.028734
United Kingdom|"""data scientist"""|3022|2022-07-23 19:43:54.071069
United Kingdom|"""data scientist"""|3023|2022-07-23 19:52:41.389799
United Kingdom|"""data scientist"""|3011|2022-07-23 20:35:13.159036
United Kingdom|"""data scientist"""|3007|2022-07-23 20:42:20.936477
United Kingdom|"""data scientist"""|3002|2022-07-23 21:02:08.723246
United Kingdom|"""data scientist"""|2990|2022-07-23 21:25:03.137028
United Kingdom|"""data scientist"""|2991|2022-07-23 21:31:22.777184
United Kingdom|"""data scientist"""|3006|2022-07-23 21:48:36.768719
United Kingdom|"""data scientist"""|3010|2022-07-23 22:05:49.393527
United Kingdom|"""data scientist"""|1519|2022-07-23 22:43:07.197033
Spain|"""data scientist"""|332|2022-07-24 04:05:42.053449
Spain|"""data scientist"""|332|2022-07-24 05:22:37.014921
Portugal|"""data scientist"""|131|2022-07-24 11:11:16.345764
Ireland|"""data scientist"""|107|2022-07-24 12:20:30.386331
Germany|"""data scientist"""|1242|2022-07-24 14:05:58.982011
Netherlands|"""data scientist"""|525|2022-07-24 16:59:42.170231
Italy|"""data scientist"""|355|2022-07-24 19:34:48.711337
Denmark|"""data scientist"""|65|2022-07-24 21:08:49.642964
Norway|"""data scientist"""|30|2022-07-24 21:41:30.080196
Poland|"""data scientist"""|330|2022-07-24 22:36:46.493845
Estonia|"""data scientist"""|31|2022-07-25 00:08:29.564758
Estonia|"""Fullstack Developer"""|7|2022-07-25 00:24:18.304981
Estonia|"""Fullstack Developer"""|7|2022-07-25 00:31:45.509476
Spain|"""Fullstack Developer"""|160|2022-07-25 00:37:05.797504
Germany|"""Fullstack Developer"""|651|2022-07-25 01:51:07.732118
United Kingdom|"""Fullstack Developer"""|163|2022-07-25 05:02:41.887308
Portugal|"""Fullstack Developer"""|118|2022-07-25 10:48:42.169947
Poland|"""Fullstack Developer"""|482|2022-07-25 11:37:17.904283
Italy|"""Fullstack Developer"""|75|2022-07-25 14:11:33.977116
Netherlands|"""Fullstack Developer"""|253|2022-07-25 14:49:32.334590
Ireland|"""Fullstack Developer"""|9|2022-07-25 16:29:37.740122
Austria|"""Fullstack Developer"""|59|2022-07-25 16:38:11.943477
Denmark|"""Fullstack Developer"""|17|2022-07-25 17:29:26.489147
